date,pound,euro
20100104,1.6109,1.441961067
20100105,1.6009,1.440299582
20100106,1.6016,1.440299582
20100107,1.5912,1.431434297
20100108,1.5993,1.435750179
20100111,1.6146,1.453699666
20100112,1.6181,1.4522219
20100113,1.6288,1.449275362
20100114,1.632,1.447806573
20100115,1.624,1.437607821
20100119,1.637,1.426940639
20100120,1.6287,1.40944327
20100121,1.6214,1.410636197
20100122,1.612,1.415428167
20100125,1.6236,1.414627246
20100126,1.6109,1.406271973
20100127,1.6204,1.405283867
20100128,1.6242,1.399384271
20100129,1.6009,1.386962552
20100201,1.5924,1.390433815
20100202,1.5968,1.395478649
20100203,1.5915,1.390627173
20100204,1.5763,1.375894331
20100205,1.5619,1.360729351
20100208,1.565,1.369863014
20100209,1.5679,1.379500621
20100210,1.5606,1.372118551
20100211,1.5674,1.364070386
20100212,1.5669,1.362583458
20100216,1.5732,1.374192662
20100217,1.5704,1.362212233
20100218,1.5582,1.356300014
20100219,1.5437,1.353729525
20100222,1.5477,1.359064963
20100223,1.5464,1.353729525
20100224,1.5432,1.357588922
20100225,1.5201,1.347527287
20100226,1.5239,1.365933616
20100301,1.4974,1.351533991
20100302,1.494,1.356483993
20100303,1.5124,1.373060552
20100304,1.5031,1.357036233
20100305,1.5115,1.360729351
20100308,1.506,1.361285053
20100309,1.5003,1.358511072
20100310,1.4977,1.365747064
20100311,1.5052,1.367427868
20100312,1.5188,1.37532664
20100315,1.5043,1.365187713
20100316,1.5192,1.375894331
20100317,1.5296,1.373815084
20100318,1.5247,1.360359135
20100319,1.5014,1.352996888
20100322,1.5071,1.353179973
20100323,1.5067,1.353546291
20100324,1.4914,1.334757074
20100325,1.4884,1.334400854
20100326,1.4906,1.339764202
20100329,1.4969,1.34643867
20100330,1.509,1.340842049
20100331,1.5186,1.352630867
20100401,1.529,1.356852103
20100402,1.5197,1.348617667
20100405,1.5284,1.348617667
20100406,1.523,1.337792642
20100407,1.5246,1.336362421
20100408,1.5272,1.336005344
20100409,1.5371,1.346801347
20100412,1.5368,1.358695652
20100413,1.5416,1.359249694
20100414,1.5484,1.366680333
20100415,1.5465,1.353912808
20100416,1.5395,1.348617667
20100419,1.5263,1.345713901
20100420,1.5375,1.34462821
20100421,1.5397,1.338329764
20100422,1.5368,1.329787234
20100423,1.5363,1.336005344
20100426,1.5466,1.333511135
20100427,1.5285,1.322926313
20100428,1.516,1.31302521
20100429,1.5303,1.324327904
20100430,1.5308,1.330140995
20100503,1.5242,1.31821777
20100504,1.5135,1.303780965
20100505,1.5134,1.288992008
20100506,1.4889,1.268874508
20100507,1.4739,1.272102786
20100510,1.498,1.286173633
20100511,1.4952,1.271455817
20100512,1.4855,1.264222503
20100513,1.4659,1.256755058
20100514,1.4557,1.239003841
20100517,1.4388,1.229861026
20100518,1.4439,1.235788433
20100519,1.4349,1.231678778
20100520,1.4344,1.237011381
20100521,1.4466,1.257545272
20100524,1.4437,1.240540876
20100525,1.4352,1.227897839
20100526,1.4401,1.222344457
20100527,1.4569,1.237011381
20100528,1.4492,1.23685838
20100601,1.4673,1.226542377
20100602,1.4641,1.220554132
20100603,1.4616,1.219363492
20100604,1.4493,1.199760048
20100607,1.4498,1.195886152
20100608,1.4422,1.199472232
20100609,1.4585,1.204529029
20100610,1.4674,1.211093618
20100611,1.4545,1.207729469
20100614,1.477,1.227747084
20100615,1.4827,1.232741617
20100616,1.4838,1.23228589
20100617,1.4806,1.236552492
20100618,1.4787,1.235941169
20100621,1.4826,1.238543473
20100622,1.485,1.230314961
20100623,1.4952,1.231072264
20100624,1.4986,1.228803146
20100625,1.4985,1.233197682
20100628,1.5098,1.231527094
20100629,1.5081,1.218769043
20100630,1.4947,1.229105211
20100701,1.5126,1.246416552
20100702,1.5179,1.257703434
20100706,1.518,1.264542236
20100707,1.5179,1.259445844
20100708,1.5157,1.268230818
20100709,1.5095,1.263902932
20100712,1.5016,1.257229067
20100713,1.5175,1.271940982
20100714,1.5284,1.275510204
20100715,1.5376,1.289324394
20100716,1.5289,1.291822762
20100719,1.5222,1.296344309
20100720,1.5255,1.290489095
20100721,1.5201,1.281722635
20100722,1.5283,1.290322581
20100723,1.5425,1.287332647
20100726,1.549,1.298364061
20100727,1.5538,1.298364061
20100728,1.5611,1.299883011
20100729,1.5591,1.306335728
20100730,1.5714,1.306847883
20100802,1.5897,1.317349493
20100803,1.5941,1.323977228
20100804,1.5887,1.315789474
20100805,1.586,1.315616366
20100806,1.5979,1.328197636
20100809,1.5945,1.324152542
20100810,1.5776,1.309414692
20100811,1.5688,1.289823294
20100812,1.5573,1.286670098
20100813,1.558,1.27665007
20100816,1.5679,1.283861856
20100817,1.5586,1.288992008
20100818,1.5619,1.287166946
20100819,1.5612,1.283697047
20100820,1.5515,1.268713524
20100823,1.5532,1.26630366
20100824,1.5471,1.267427123
20100825,1.546,1.265182186
20100826,1.5574,1.271779219
20100827,1.5528,1.276487107
20100830,1.5473,1.268552582
20100831,1.5358,1.270325203
20100901,1.5472,1.281229981
20100902,1.5393,1.282380097
20100903,1.5452,1.288493751
20100907,1.5315,1.272264631
20100908,1.5513,1.272750414
20100909,1.5448,1.270809506
20100910,1.5387,1.273074475
20100913,1.5466,1.288992008
20100914,1.5559,1.301405518
20100915,1.5641,1.300728408
20100916,1.5612,1.307873398
20100917,1.5635,1.304631442
20100920,1.5564,1.307360439
20100921,1.5551,1.313542624
20100922,1.5649,1.338508901
20100923,1.5723,1.334400854
20100924,1.5829,1.347527287
20100927,1.5851,1.347527287
20100928,1.5808,1.358326542
20100929,1.5812,1.363884343
20100930,1.5731,1.360174102
20101001,1.5829,1.37532664
20101004,1.5849,1.368738024
20101005,1.5915,1.383317195
20101006,1.5903,1.392369813
20101007,1.593,1.392175971
20101008,1.5951,1.392369813
20101012,1.5799,1.384657989
20101013,1.5843,1.396453009
20101014,1.5992,1.406667604
20101015,1.6027,1.399776036
20101018,1.5907,1.397819402
20101019,1.5739,1.382743363
20101020,1.5857,1.394894685
20101021,1.5753,1.397233478
20101022,1.5677,1.390433815
20101025,1.5748,1.398601399
20101026,1.5871,1.387347392
20101027,1.5782,1.378739832
20101028,1.5945,1.392951665
20101029,1.602,1.389467834
20101101,1.605,1.388888889
20101102,1.601,1.402524544
20101103,1.608,1.401345291
20101104,1.6282,1.422475107
20101105,1.6211,1.403311816
20101108,1.615,1.39275766
20101109,1.605,1.386577926
20101110,1.6071,1.372872048
20101112,1.6172,1.370050692
20101115,1.6064,1.361470388
20101116,1.5881,1.35171668
20101117,1.5941,1.355564593
20101118,1.601,1.361841209
20101119,1.5961,1.365374113
20101122,1.5932,1.361285053
20101123,1.5824,1.338867318
20101124,1.5774,1.334935256
20101126,1.5616,1.324327904
20101129,1.5557,1.309243257
20101130,1.5578,1.303611002
20101201,1.5603,1.314924392
20101202,1.561,1.322751323
20101203,1.5723,1.33671969
20101206,1.568,1.327492367
20101207,1.5802,1.332267519
20101208,1.5792,1.324152542
20101209,1.5733,1.320655045
20101210,1.5809,1.324152542
20101213,1.5882,1.338867318
20101214,1.5795,1.339584729
20101215,1.5613,1.330671989
20101216,1.5612,1.320655045
20101217,1.548,1.315443304
20101220,1.5521,1.312335958
20101221,1.5462,1.31302521
20101222,1.539,1.308900524
20101223,1.54,1.310100878
20101227,1.5382,1.314578678
20101228,1.5361,1.312163758
20101229,1.5463,1.31821777
20101230,1.5392,1.326963907
20110103,1.549,1.337077149
20110104,1.5586,1.330671989
20110105,1.5497,1.317175975
20110106,1.549,1.302761855
20110107,1.556,1.294330831
20110110,1.5583,1.294498382
20110111,1.5628,1.297858533
20110112,1.5716,1.30667712
20110113,1.587,1.336362421
20110114,1.5874,1.332800213
20110118,1.6,1.339943722
20110119,1.5991,1.349527665
20110120,1.5875,1.344266703
20110121,1.5997,1.358142062
20110124,1.5995,1.365374113
20110125,1.5818,1.364442625
20110126,1.5886,1.368738024
20110127,1.5905,1.368738024
20110128,1.5838,1.360729351
20110131,1.6042,1.371553971
20110201,1.6124,1.379310345
20110202,1.6167,1.377979881
20110203,1.6159,1.365374113
20110204,1.6089,1.358326542
20110207,1.6111,1.355748373
20110208,1.6091,1.368738024
20110209,1.6089,1.368738024
20110210,1.6132,1.36369835
20110211,1.5986,1.352082207
20110214,1.6023,1.347345729
20110215,1.6128,1.349345567
20110216,1.6063,1.354646437
20110217,1.6172,1.361285053
20110218,1.6245,1.367240908
20110222,1.6129,1.366120219
20110223,1.6221,1.375894331
20110224,1.6106,1.379310345
20110225,1.6078,1.375705049
20110228,1.6247,1.379310345
20110301,1.6309,1.38121547
20110302,1.6311,1.386962552
20110303,1.6266,1.394700139
20110304,1.625,1.398210291
20110307,1.6204,1.397624039
20110308,1.6164,1.391207568
20110309,1.6202,1.390627173
20110310,1.6063,1.382361073
20110311,1.6033,1.386385692
20110314,1.6181,1.397428731
20110315,1.6064,1.396843135
20110316,1.6028,1.392175971
20110317,1.6143,1.402131239
20110318,1.6187,1.414027149
20110321,1.6276,1.418439716
20110322,1.6387,1.421262081
20110323,1.6246,1.412429379
20110324,1.6159,1.420051122
20110325,1.6086,1.414427157
20110328,1.6024,1.410437236
20110329,1.5983,1.409046076
20110330,1.6038,1.40944327
20110331,1.6048,1.418238548
20110401,1.6132,1.421464108
20110404,1.6129,1.422070535
20110405,1.6282,1.423082396
20110406,1.6314,1.43328078
20110407,1.6304,1.428775539
20110408,1.6341,1.443626389
20110411,1.6386,1.445295563
20110412,1.6263,1.445504481
20110413,1.6285,1.447596989
20110414,1.635,1.446340758
20110415,1.6325,1.444251878
20110418,1.6229,1.421060111
20110419,1.6315,1.431844215
20110420,1.6405,1.45137881
20110421,1.6572,1.458576429
20110422,1.6517,1.454545455
20110425,1.6497,1.457513482
20110426,1.6465,1.462415911
20110427,1.653,1.465845793
20110428,1.6636,1.478415139
20110429,1.6691,1.48214021
20110502,1.669,1.486988848
20110503,1.6536,1.487431206
20110504,1.6524,1.485884101
20110505,1.6427,1.458363716
20110506,1.6417,1.449485433
20110509,1.6338,1.43000143
20110510,1.6331,1.435750179
20110511,1.6412,1.426940639
20110512,1.629,1.422879909
20110513,1.6179,1.414027149
20110516,1.624,1.421868335
20110517,1.6206,1.415428167
20110518,1.6148,1.426940639
20110519,1.6179,1.425313569
20110520,1.6222,1.41723356
20110523,1.6102,1.401541696
20110524,1.6185,1.410636197
20110525,1.6277,1.41023833
20110526,1.6346,1.408847563
20110527,1.6494,1.428775539
20110531,1.6439,1.437607821
20110601,1.6391,1.443001443
20110602,1.6325,1.442585113
20110603,1.6397,1.460493647
20110606,1.6362,1.461988304
20110607,1.6444,1.467566774
20110608,1.6381,1.458789205
20110609,1.6382,1.453488372
20110610,1.6254,1.436575205
20110613,1.6308,1.436781609
20110614,1.6388,1.447387466
20110615,1.6218,1.422070535
20110616,1.613,1.415428167
20110617,1.6186,1.432664756
20110620,1.6206,1.432049262
20110621,1.6232,1.439884809
20110622,1.6131,1.440299582
20110623,1.5977,1.416631251
20110624,1.5985,1.418842225
20110627,1.5972,1.428163382
20110628,1.6016,1.436781609
20110629,1.607,1.442793248
20110630,1.6067,1.4522219
20110701,1.607,1.450747135
20110705,1.6085,1.446968601
20110706,1.5998,1.432870039
20110707,1.5967,1.434926101
20110708,1.603,1.425110446
20110711,1.5932,1.403311816
20110712,1.594,1.401345291
20110713,1.6111,1.416631251
20110714,1.6125,1.418238548
20110715,1.6149,1.415628539
20110718,1.6024,1.404297149
20110719,1.6135,1.415628539
20110720,1.6139,1.418842225
20110721,1.6301,1.437194596
20110722,1.6319,1.436575205
20110725,1.6285,1.435750179
20110726,1.6392,1.449485433
20110727,1.6357,1.437401179
20110728,1.6338,1.43020595
20110729,1.6455,1.438848921
20110801,1.6278,1.420252805
20110802,1.6287,1.423284942
20110803,1.6406,1.432049262
20110804,1.6308,1.415828968
20110805,1.6362,1.415828968
20110808,1.6354,1.424095699
20110809,1.6194,1.424298533
20110810,1.6169,1.419244962
20110811,1.6228,1.423082396
20110812,1.6284,1.423892923
20110815,1.6387,1.445295563
20110816,1.6424,1.442169022
20110817,1.6591,1.443626389
20110818,1.6489,1.432049262
20110819,1.6544,1.440714594
20110822,1.6452,1.438434983
20110823,1.6509,1.443001443
20110824,1.6375,1.440299582
20110825,1.6289,1.438021283
20110826,1.6321,1.446340758
20110829,1.6398,1.450957632
20110830,1.6279,1.443418014
20110831,1.6269,1.440507058
20110901,1.6179,1.428367376
20110902,1.619,1.420252805
20110906,1.5954,1.399972001
20110907,1.5948,1.405876564
20110908,1.6021,1.394700139
20110909,1.587,1.366680333
20110912,1.5814,1.363512408
20110913,1.5805,1.367989056
20110914,1.5773,1.370989855
20110915,1.5808,1.385809313
20110916,1.5802,1.378359752
20110919,1.5674,1.363512408
20110920,1.5718,1.369675387
20110921,1.5619,1.372306848
20110922,1.5358,1.34462821
20110923,1.5475,1.35171668
20110926,1.5553,1.351533991
20110927,1.5681,1.360544218
20110928,1.5648,1.362769147
20110929,1.5685,1.363884343
20110930,1.5624,1.344989913
20111003,1.5474,1.328021248
20111004,1.5403,1.329433661
20111005,1.5436,1.332800213
20111006,1.5398,1.340842049
20111007,1.5628,1.351168761
20111011,1.5594,1.365747064
20111012,1.5757,1.380452789
20111013,1.5729,1.373060552
20111014,1.5808,1.386193513
20111017,1.5778,1.377031121
20111018,1.5654,1.371930306
20111019,1.5799,1.377410468
20111020,1.5726,1.367240908
20111021,1.5945,1.387347392
20111024,1.5986,1.393145723
20111025,1.5994,1.391014049
20111026,1.5905,1.383891503
20111027,1.6081,1.41723356
20111028,1.613,1.416430595
20111031,1.6141,1.394700139
20111101,1.5946,1.36761488
20111102,1.5974,1.38026225
20111103,1.5959,1.374381528
20111104,1.6026,1.376083666
20111107,1.6024,1.374381528
20111108,1.6076,1.378549766
20111109,1.5958,1.359619307
20111110,1.5935,1.35998912
20111114,1.5899,1.362583458
20111115,1.5818,1.352447931
20111116,1.577,1.350438893
20111117,1.5801,1.352265044
20111118,1.5783,1.352082207
20111121,1.5662,1.352447931
20111122,1.5646,1.350074254
20111123,1.5511,1.334757074
20111125,1.5467,1.324327904
20111128,1.5538,1.333333333
20111129,1.5625,1.334222815
20111130,1.5705,1.345351809
20111201,1.5698,1.348617667
20111202,1.5592,1.338688086
20111205,1.5689,1.346257404
20111206,1.558,1.339764202
20111207,1.5691,1.338688086
20111208,1.5635,1.332445037
20111209,1.5642,1.33671969
20111212,1.5597,1.318739285
20111213,1.5528,1.309414692
20111214,1.5445,1.297185108
20111215,1.5486,1.301236174
20111216,1.5514,1.302422506
20111219,1.5531,1.301744337
20111220,1.5674,1.307531381
20111221,1.568,1.303950971
20111222,1.5667,1.304461258
20111223,1.5615,1.303950971
20111227,1.5671,1.307360439
20111228,1.5478,1.292657704
20111229,1.5386,1.29516902
20111230,1.5537,1.297353399
20120103,1.5655,1.306165099
20120104,1.5638,1.292991983
20120105,1.548,1.278281989
20120106,1.5431,1.272264631
20120109,1.5436,1.274534795
20120110,1.5489,1.278118609
20120111,1.5325,1.268552582
20120112,1.5325,1.281722635
20120113,1.5301,1.268230818
20120117,1.5356,1.274047649
20120118,1.541,1.282544568
20120119,1.5484,1.293661061
20120120,1.554,1.294833614
20120123,1.5582,1.303441084
20120124,1.5595,1.300390117
20120125,1.557,1.297858533
20120126,1.5706,1.315270288
20120127,1.5716,1.319261214
20120130,1.569,1.312335958
20120131,1.5754,1.305312622
20120201,1.5849,1.317870322
20120202,1.5813,1.316655695
20120203,1.5779,1.31061599
20120206,1.5832,1.31302521
20120207,1.5891,1.324327904
20120208,1.582,1.325381047
20120209,1.5838,1.329787234
20120210,1.5748,1.318739285
20120213,1.578,1.321178491
20120214,1.5691,1.314924392
20120215,1.571,1.308729224
20120216,1.5795,1.310959622
20120217,1.5813,1.314924392
20120221,1.5796,1.325556734
20120222,1.5677,1.325029813
20120223,1.57,1.330849082
20120224,1.5869,1.346257404
20120227,1.5845,1.341021859
20120228,1.5887,1.345170837
20120229,1.5951,1.335826877
20120301,1.5953,1.331912627
20120302,1.5852,1.320132013
20120305,1.587,1.322576379
20120306,1.572,1.31147541
20120307,1.5746,1.314924392
20120308,1.5822,1.325556734
20120309,1.5677,1.310787783
20120312,1.5615,1.314060447
20120313,1.5736,1.310959622
20120314,1.5686,1.302422506
20120315,1.5669,1.30701869
20120316,1.5845,1.317175975
20120319,1.5894,1.324152542
20120320,1.5857,1.32222663
20120321,1.5848,1.318913216
20120322,1.5807,1.319435282
20120323,1.5864,1.326259947
20120326,1.5939,1.332800213
20120327,1.5972,1.333511135
20120328,1.5855,1.329964091
20120329,1.5911,1.326435867
20120330,1.5985,1.333333333
20120402,1.6022,1.332445037
20120403,1.5966,1.333688984
20120404,1.5879,1.312680494
20120405,1.5822,1.306335728
20120406,1.5877,1.308900524
20120409,1.5879,1.308729224
20120410,1.5836,1.306847883
20120411,1.5892,1.310444241
20120412,1.5939,1.317175975
20120413,1.5851,1.308215594
20120416,1.5865,1.30667712
20120417,1.5931,1.312335958
20120418,1.602,1.312163758
20120419,1.6058,1.313197636
20120420,1.6123,1.321178491
20120423,1.6102,1.312852829
20120424,1.6135,1.320655045
20120425,1.6146,1.321003963
20120426,1.6188,1.323276432
20120427,1.6239,1.324854266
20120430,1.6225,1.322926313
20120501,1.6221,1.322576379
20120502,1.6193,1.315443304
20120503,1.6185,1.314751512
20120504,1.6148,1.309071868
20120507,1.6192,1.305142261
20120508,1.6159,1.301574906
20120509,1.613,1.295336788
20120510,1.6161,1.295840352
20120511,1.608,1.293661061
20120514,1.6116,1.284686536
20120515,1.6025,1.276976121
20120516,1.5933,1.273074475
20120517,1.5823,1.270971022
20120518,1.5788,1.272102786
20120521,1.579,1.276976121
20120522,1.5775,1.273560876
20120523,1.5691,1.256913022
20120524,1.5698,1.258336479
20120525,1.5648,1.251877817
20120529,1.563,1.248751249
20120530,1.5532,1.240540876
20120531,1.5405,1.236399604
20120601,1.5383,1.241927471
20120604,1.5382,1.249531426
20120605,1.5355,1.243626415
20120606,1.5475,1.253446979
20120607,1.5557,1.256755058
20120608,1.5433,1.248127808
20120611,1.5515,1.250468926
20120612,1.5562,1.247660636
20120613,1.5557,1.259604484
20120614,1.5533,1.260875047
20120615,1.5654,1.263264275
20120618,1.5665,1.257861635
20120619,1.5732,1.269196599
20120620,1.575,1.270325203
20120621,1.5633,1.258653241
20120622,1.5582,1.254547736
20120625,1.5555,1.247972045
20120626,1.562,1.247038284
20120627,1.5549,1.245640259
20120628,1.5503,1.24331717
20120629,1.5686,1.2667849
20120702,1.5679,1.258336479
20120703,1.5702,1.261988894
20120705,1.5531,1.238390093
20120706,1.548,1.228350326
20120709,1.5507,1.229861026
20120710,1.5506,1.225490196
20120711,1.5532,1.224439819
20120712,1.5425,1.219958521
20120713,1.555,1.22324159
20120716,1.5635,1.226692836
20120717,1.5613,1.223391241
20120718,1.5636,1.226091221
20120719,1.5719,1.225640397
20120720,1.563,1.217581882
20120723,1.5512,1.212562144
20120724,1.5521,1.206272618
20120725,1.5479,1.213150552
20120726,1.5683,1.228048631
20120727,1.5728,1.237011381
20120730,1.5694,1.225039814
20120731,1.5686,1.231527094
20120801,1.5596,1.229861026
20120802,1.55,1.214919208
20120803,1.565,1.239003841
20120806,1.5625,1.242236025
20120807,1.5658,1.242236025
20120808,1.5659,1.236399604
20120809,1.5623,1.227747084
20120810,1.5679,1.229861026
20120813,1.569,1.233958539
20120814,1.5692,1.232893601
20120815,1.5686,1.228803146
20120816,1.5738,1.235635735
20120817,1.5697,1.231527094
20120820,1.5707,1.234263145
20120821,1.5788,1.247193814
20120822,1.58,1.247193814
20120823,1.5882,1.258336479
20120824,1.5815,1.253289886
20120827,1.58,1.251407834
20120828,1.5828,1.256439251
20120829,1.5839,1.253761284
20120830,1.5794,1.249687578
20120831,1.5864,1.257861635
20120904,1.5889,1.256597135
20120905,1.5907,1.260239445
20120906,1.5922,1.262626263
20120907,1.6016,1.279590531
20120910,1.6009,1.279426817
20120911,1.6071,1.28584287
20120912,1.6111,1.289324394
20120913,1.6125,1.291155584
20120914,1.6244,1.314233145
20120917,1.6263,1.312508203
20120918,1.6251,1.305142261
20120919,1.6219,1.306506402
20120920,1.6198,1.294833614
20120921,1.6251,1.299038711
20120924,1.6199,1.290822254
20120925,1.6232,1.294498382
20120926,1.6145,1.285181853
20120927,1.6217,1.287332647
20120928,1.6132,1.285677552
20121001,1.6142,1.28998968
20121002,1.6186,1.29516902
20121003,1.6077,1.290822254
20121004,1.6165,1.300052002
20121005,1.6196,1.305823975
20121009,1.5987,1.287664177
20121010,1.6007,1.28882588
20121011,1.6028,1.292824822
20121012,1.6075,1.294665976
20121015,1.6069,1.295001295
20121016,1.6101,1.303611002
20121017,1.6165,1.313370108
20121018,1.6141,1.31061599
20121019,1.6003,1.302252898
20121022,1.6028,1.306335728
20121023,1.5932,1.297016861
20121024,1.6015,1.294665976
20121025,1.6119,1.295840352
20121026,1.6098,1.293828438
20121029,1.6025,1.290655653
20121030,1.6083,1.297858533
20121031,1.6111,1.295840352
20121101,1.6142,1.293661061
20121102,1.6036,1.2848516
20121105,1.5977,1.278935925
20121106,1.5985,1.281722635
20121107,1.5975,1.275835672
20121108,1.5979,1.274047649
20121109,1.5912,1.271455817
20121113,1.5885,1.271617497
20121114,1.5849,1.274047649
20121115,1.5865,1.278281989
20121116,1.5866,1.271455817
20121119,1.5908,1.280573697
20121120,1.5927,1.281394157
20121121,1.5936,1.281558375
20121123,1.6032,1.295840352
20121126,1.6014,1.296680498
20121127,1.6028,1.293995859
20121128,1.5997,1.292323598
20121129,1.6026,1.295336788
20121130,1.6027,1.301066875
20121203,1.6104,1.30667712
20121204,1.6097,1.308044474
20121205,1.6102,1.307702367
20121206,1.6066,1.296848658
20121207,1.6031,1.294163323
20121210,1.6068,1.292991983
20121211,1.6103,1.299207483
20121212,1.6132,1.303780965
20121213,1.613,1.307702367
20121214,1.6139,1.313370108
20121217,1.6203,1.316829076
20121218,1.6256,1.322401481
20121219,1.6275,1.326084074
20121220,1.6268,1.322401481
20121221,1.6167,1.316655695
20121224,1.6113,1.317870322
20121226,1.6118,1.322751323
20121227,1.6106,1.322751323
20121228,1.6157,1.322051824
20121231,1.6262,1.318565401
20130102,1.6255,1.319435282
20130103,1.6151,1.310959622
20130104,1.6036,1.304631442
20130107,1.608,1.309929264
20130108,1.604,1.306847883
20130109,1.6024,1.307873398
20130110,1.6125,1.322051824
20130111,1.6128,1.335291761
20130114,1.6077,1.336898396
20130115,1.6089,1.334222815
20130116,1.6009,1.330494944
20130117,1.5991,1.335648457
20130118,1.5876,1.330317946
20130122,1.5862,1.330317946
20130123,1.5848,1.330849082
20130124,1.5789,1.337792642
20130125,1.5799,1.345532831
20130128,1.5686,1.34589502
20130129,1.5751,1.348435814
20130130,1.5793,1.356483993
20130131,1.5856,1.358326542
20130201,1.5744,1.369112815
20130204,1.5737,1.352630867
20130205,1.5652,1.356852103
20130206,1.5655,1.352813853
20130207,1.5712,1.338150676
20130208,1.5814,1.336541032
20130211,1.5668,1.341381623
20130212,1.5654,1.344989913
20130213,1.5544,1.344809037
20130214,1.5502,1.333333333
20130215,1.5518,1.336183859
20130219,1.5432,1.338688086
20130220,1.5301,1.334935256
20130221,1.5263,1.320480655
20130222,1.5256,1.316655695
20130225,1.5112,1.317175975
20130226,1.5125,1.305483029
20130227,1.5134,1.310444241
20130228,1.5192,1.307873398
20130301,1.5033,1.298869983
20130304,1.5084,1.299545159
20130305,1.5098,1.301913813
20130306,1.5036,1.299038711
20130307,1.5032,1.309757695
20130308,1.4926,1.299207483
20130311,1.4898,1.301405518
20130312,1.4877,1.302252898
20130313,1.4925,1.294833614
20130314,1.5039,1.297353399
20130315,1.5124,1.307531381
20130318,1.5113,1.295672454
20130319,1.5118,1.28882588
20130320,1.5133,1.295001295
20130321,1.518,1.292824822
20130322,1.5239,1.299545159
20130325,1.5184,1.288161793
20130326,1.5156,1.28584287
20130327,1.5112,1.278118609
20130328,1.5184,1.284191601
20130329,1.5193,1.281558375
20130401,1.5232,1.285677552
20130402,1.5113,1.283532281
20130403,1.514,1.284686536
20130404,1.5198,1.285347044
20130405,1.5336,1.302761855
20130408,1.5257,1.300728408
20130409,1.5317,1.309243257
20130410,1.5315,1.305994515
20130411,1.5403,1.312335958
20130412,1.5373,1.309414692
20130415,1.532,1.308215594
20130416,1.5316,1.314060447
20130417,1.5255,1.304971943
20130418,1.5282,1.307189542
20130419,1.5254,1.30667712
20130422,1.5262,1.304971943
20130423,1.5267,1.301236174
20130424,1.5258,1.299714063
20130425,1.5434,1.300390117
20130426,1.5479,1.302422506
20130429,1.5497,1.309071868
20130430,1.5539,1.316829076
20130501,1.5578,1.319261214
20130502,1.5519,1.30667712
20130503,1.5563,1.311131506
20130506,1.5538,1.30667712
20130507,1.5468,1.308557969
20130508,1.5563,1.317696666
20130509,1.5502,1.310444241
20130510,1.5334,1.295504599
20130513,1.5291,1.298026999
20130514,1.5258,1.296848658
20130515,1.5198,1.285677552
20130516,1.5302,1.289823294
20130517,1.5173,1.281722635
20130520,1.5223,1.286504567
20130521,1.517,1.290988897
20130522,1.5038,1.286339079
20130523,1.512,1.294330831
20130524,1.5126,1.291989664
20130528,1.5061,1.287001287
20130529,1.5121,1.294330831
20130530,1.5207,1.304121022
20130531,1.5185,1.298869983
20130603,1.5349,1.309757695
20130604,1.5304,1.307531381
20130605,1.5392,1.308729224
20130606,1.5601,1.324854266
20130607,1.5558,1.324152542
20130610,1.5556,1.323451562
20130611,1.5587,1.327844908
20130612,1.5697,1.335470085
20130613,1.5698,1.331380642
20130614,1.5686,1.332977873
20130617,1.5709,1.334044824
20130618,1.5625,1.340662287
20130619,1.5657,1.340482574
20130620,1.5469,1.321353066
20130621,1.5373,1.311303436
20130624,1.5404,1.309071868
20130625,1.5418,1.308044474
20130626,1.5332,1.30055924
20130627,1.5235,1.301574906
20130628,1.521,1.301066875
20130701,1.5247,1.305994515
20130702,1.5171,1.301744337
20130703,1.5264,1.30055924
20130705,1.491,1.283038235
20130708,1.4932,1.286339079
20130709,1.4837,1.277465508
20130710,1.4935,1.284521516
20130711,1.5127,1.304631442
20130712,1.5108,1.30480167
20130715,1.5088,1.303950971
20130716,1.5122,1.314405889
20130717,1.5184,1.309414692
20130718,1.5193,1.307873398
20130719,1.526,1.314233145
20130722,1.5366,1.319261214
20130723,1.5354,1.321178491
20130724,1.5367,1.322751323
20130725,1.5333,1.323451562
20130726,1.5368,1.326963907
20130729,1.5355,1.326259947
20130730,1.5244,1.326611833
20130731,1.5177,1.328197636
20130801,1.5145,1.321702353
20130802,1.5277,1.326787847
20130805,1.5347,1.325732467
20130806,1.5367,1.329610424
20130807,1.5514,1.332977873
20130808,1.5555,1.339225927
20130809,1.5507,1.33386688
20130812,1.5475,1.331203408
20130813,1.5451,1.324678765
20130814,1.5531,1.325556734
20130815,1.5573,1.326259947
20130816,1.5621,1.332090049
20130819,1.5665,1.334757074
20130820,1.5678,1.34264232
20130821,1.5678,1.33671969
20130822,1.558,1.336183859
20130823,1.5578,1.339225927
20130826,1.5568,1.336898396
20130827,1.5528,1.338688086
20130828,1.552,1.332622601
20130829,1.5488,1.322751323
20130830,1.5468,1.319609396
20130903,1.5544,1.316482359
20130904,1.5643,1.321178491
20130905,1.5593,1.311991603
20130906,1.5633,1.316655695
20130909,1.5724,1.326084074
20130910,1.5731,1.326084074
20130911,1.5807,1.330140995
20130912,1.5819,1.331557923
20130913,1.5861,1.327668614
20130916,1.5927,1.334935256
20130917,1.5901,1.335648457
20130918,1.5965,1.335113485
20130919,1.6043,1.352630867
20130920,1.6021,1.352265044
20130923,1.6066,1.352082207
20130924,1.6006,1.348981519
20130925,1.608,1.353546291
20130926,1.6012,1.348435814
20130927,1.6135,1.353729525
20130930,1.6179,1.353546291
20131001,1.6208,1.353363107
20131002,1.6224,1.359249694
20131003,1.6169,1.36425648
20131004,1.6069,1.358142062
20131007,1.6082,1.356852103
20131008,1.6089,1.358142062
20131009,1.5943,1.351351351
20131010,1.5975,1.353546291
20131011,1.5945,1.355932203
20131015,1.5974,1.349345567
20131016,1.5904,1.348981519
20131017,1.6166,1.366306873
20131018,1.6184,1.369300288
20131021,1.6149,1.367240908
20131022,1.6221,1.377790025
20131023,1.6171,1.378549766
20131024,1.6186,1.38102472
20131025,1.6158,1.379310345
20131028,1.6131,1.378549766
20131029,1.6059,1.377031121
20131030,1.6078,1.377031121
20131031,1.6068,1.359434475
20131101,1.5922,1.348799568
20131104,1.595,1.351533991
20131105,1.6044,1.346982759
20131106,1.608,1.352996888
20131107,1.6069,1.339046599
20131108,1.5995,1.335648457
20131112,1.5916,1.342822613
20131113,1.6033,1.345532831
20131114,1.6077,1.346801347
20131115,1.6107,1.348072257
20131118,1.611,1.352082207
20131119,1.611,1.352813853
20131120,1.615,1.345170837
20131121,1.6155,1.346982759
20131122,1.6211,1.354646437
20131125,1.6146,1.350256549
20131126,1.6187,1.355564593
20131127,1.6267,1.356300014
20131129,1.6373,1.360544218
20131202,1.6365,1.355197181
20131203,1.6416,1.360359135
20131204,1.6352,1.355564593
20131205,1.6328,1.366306873
20131206,1.6327,1.368925394
20131209,1.6403,1.372683596
20131210,1.6424,1.376462491
20131211,1.6389,1.37988133
20131212,1.6326,1.375137514
20131213,1.6294,1.372306848
20131216,1.6311,1.375705049
20131217,1.6254,1.374759417
20131218,1.6388,1.376651982
20131219,1.6382,1.366680333
20131220,1.6355,1.367240908
20131223,1.6356,1.370050692
20131224,1.6371,1.36761488
20131226,1.6425,1.368925394
20131227,1.6491,1.376651982
20131230,1.6522,1.381597126
20131231,1.6574,1.377979881
20140102,1.6441,1.367053999
20140103,1.6424,1.360544218
20140106,1.6412,1.363512408
20140107,1.6421,1.361841209
20140108,1.6461,1.358511072
20140109,1.6459,1.359064963
20140110,1.647,1.366306873
20140113,1.6379,1.364628821
20140114,1.645,1.368176221
20140115,1.6375,1.360359135
20140116,1.6335,1.35998912
20140117,1.6429,1.355380862
20140121,1.6469,1.355932203
20140122,1.6571,1.354646437
20140123,1.6612,1.367989056
20140124,1.6491,1.367989056
20140127,1.6588,1.367989056
20140128,1.6581,1.366120219
20140129,1.6561,1.366306873
20140130,1.6487,1.354829969
20140131,1.645,1.350074254
20140203,1.6307,1.352265044
20140204,1.63,1.350621286
20140205,1.6308,1.351899419
20140206,1.6345,1.360359135
20140207,1.6395,1.361470388
20140210,1.6419,1.364442625
20140211,1.6468,1.365374113
20140212,1.6578,1.359249694
20140213,1.6643,1.366867141
20140214,1.6736,1.368925394
20140218,1.6696,1.375894331
20140219,1.6718,1.376273053
20140220,1.664,1.368925394
20140221,1.663,1.372118551
20140224,1.6641,1.374381528
20140225,1.6696,1.374948439
20140226,1.6648,1.366867141
20140227,1.6693,1.372306848
20140228,1.675,1.38064338
20140303,1.6712,1.376273053
20140304,1.6665,1.373060552
20140305,1.6729,1.373437715
20140306,1.6743,1.384849744
20140307,1.6725,1.386770212
20140310,1.6633,1.387925052
20140311,1.6628,1.386770212
20140312,1.6605,1.390433815
20140313,1.6677,1.39275766
20140314,1.663,1.392369813
20140317,1.6645,1.39275766
20140318,1.6574,1.391207568
20140319,1.6629,1.391014049
20140320,1.6511,1.378359752
20140321,1.6498,1.378359752
20140324,1.6491,1.378359752
20140325,1.6507,1.377790025
20140326,1.6566,1.378549766
20140327,1.6627,1.375137514
20140328,1.6637,1.37532664
20140331,1.6675,1.377790025
20140401,1.6639,1.380452789
20140402,1.6634,1.376083666
20140403,1.6583,1.370801919
20140404,1.6594,1.370426203
20140407,1.6616,1.374570447
20140408,1.6743,1.38026225
20140409,1.6751,1.381597126
20140410,1.6781,1.389274799
20140411,1.6736,1.389854065
20140414,1.6741,1.382361073
20140415,1.6725,1.38064338
20140416,1.6794,1.381978994
20140417,1.6809,1.383125864
20140418,1.6792,1.381597126
20140421,1.6792,1.37892995
20140422,1.6833,1.380452789
20140423,1.6768,1.381406272
20140424,1.6797,1.382743363
20140425,1.681,1.383891503
20140428,1.6812,1.384466288
20140429,1.6829,1.380834024
20140430,1.6883,1.386962552
20140501,1.69,1.386770212
20140502,1.6865,1.386385692
20140505,1.687,1.388310426
20140506,1.6976,1.392369813
20140507,1.6964,1.391788448
20140508,1.6944,1.386385692
20140509,1.6849,1.376273053
20140512,1.6871,1.376083666
20140513,1.6838,1.371177842
20140514,1.6784,1.371742112
20140515,1.6791,1.371177842
20140516,1.6827,1.370801919
20140519,1.6822,1.371553971
20140520,1.6847,1.370238421
20140521,1.6869,1.365747064
20140522,1.6859,1.365187713
20140523,1.6822,1.362769147
20140527,1.68,1.361841209
20140528,1.6709,1.359619307
20140529,1.6719,1.360729351
20140530,1.6764,1.364070386
20140602,1.6756,1.360544218
20140603,1.6753,1.36239782
20140604,1.6747,1.361841209
20140605,1.6796,1.361841209
20140606,1.6794,1.363884343
20140609,1.6798,1.358880283
20140610,1.6753,1.354279523
20140611,1.6795,1.353179973
20140612,1.6853,1.355564593
20140613,1.6953,1.352265044
20140616,1.6988,1.357773252
20140617,1.6965,1.354279523
20140618,1.6951,1.356668023
20140619,1.7046,1.362026696
20140620,1.7014,1.358511072
20140623,1.701,1.359249694
20140624,1.6971,1.358880283
20140625,1.6986,1.363884343
20140626,1.7018,1.360914535
20140627,1.7016,1.363140676
20140630,1.7105,1.368925394
20140701,1.7147,1.368176221
20140702,1.7165,1.365560563
20140703,1.7152,1.360914535
20140707,1.7128,1.360359135
20140708,1.7127,1.361470388
20140709,1.713,1.362954886
20140710,1.7122,1.35998912
20140711,1.7108,1.359804188
20140714,1.7079,1.362026696
20140715,1.7149,1.357220413
20140716,1.7131,1.352996888
20140717,1.7104,1.352996888
20140718,1.7069,1.351533991
20140721,1.7067,1.352447931
20140722,1.7058,1.346982759
20140723,1.7036,1.346257404
20140724,1.6981,1.346801347
20140725,1.6972,1.343183345
20140728,1.6991,1.344086022
20140729,1.6939,1.341021859
20140730,1.6903,1.337792642
20140731,1.6889,1.339046599
20140801,1.6832,1.34354427
20140804,1.6841,1.341381623
20140805,1.6874,1.336541032
20140806,1.6833,1.335470085
20140807,1.6849,1.336183859
20140808,1.6778,1.341201717
20140811,1.6787,1.338508901
20140812,1.6806,1.335648457
20140813,1.6696,1.33671969
20140814,1.6694,1.337613697
20140815,1.6686,1.339225927
20140818,1.672,1.335826877
20140819,1.662,1.331912627
20140820,1.6633,1.32837407
20140821,1.6589,1.32837407
20140822,1.6574,1.323626737
20140825,1.6585,1.320655045
20140826,1.657,1.318913216
20140827,1.6573,1.319261214
20140828,1.6579,1.317870322
20140829,1.6585,1.314924392
20140902,1.6502,1.312335958
20140903,1.6451,1.313542624
20140904,1.6349,1.292657704
20140905,1.6312,1.295672454
20140908,1.6141,1.294833614
20140909,1.6088,1.290822254
20140910,1.6134,1.290822254
20140911,1.6225,1.293661061
20140912,1.6243,1.295504599
20140915,1.6243,1.29516902
20140916,1.629,1.297521733
20140917,1.6329,1.295840352
20140918,1.6372,1.291322314
20140919,1.6314,1.283532281
20140922,1.634,1.282873637
20140923,1.637,1.28584287
20140924,1.6344,1.278772379
20140925,1.6313,1.274859765
20140926,1.6254,1.268552582
20140929,1.6262,1.270325203
20140930,1.622,1.262785705
20141001,1.6216,1.261829653
20141002,1.614,1.266945395
20141003,1.5962,1.251721117
20141006,1.6029,1.259128683
20141007,1.6072,1.262626263
20141008,1.6068,1.268230818
20141009,1.6123,1.268230818
20141010,1.6049,1.263583523
20141014,1.593,1.265983036
20141015,1.5959,1.277791975
20141016,1.6065,1.281229981
20141017,1.6086,1.275510204
20141020,1.6137,1.278281989
20141021,1.6134,1.272426517
20141022,1.607,1.265822785
20141023,1.6037,1.265822785
20141024,1.6098,1.267427123
20141027,1.6133,1.271132579
20141028,1.6157,1.274697259
20141029,1.6149,1.276161307
20141030,1.6023,1.262148176
20141031,1.5999,1.252975818
20141103,1.5986,1.248751249
20141104,1.5991,1.255335174
20141105,1.5984,1.248751249
20141106,1.5862,1.241464929
20141107,1.5844,1.242236025
20141110,1.5857,1.242544732
20141112,1.5815,1.245640259
20141113,1.5717,1.247660636
20141114,1.5657,1.249375312
20141117,1.5645,1.244709983
20141118,1.5648,1.253446979
20141119,1.567,1.254862593
20141120,1.5683,1.252661907
20141121,1.5672,1.239464551
20141124,1.5701,1.242699143
20141125,1.5714,1.247193814
20141126,1.5787,1.250312578
20141128,1.5638,1.243781095
20141201,1.5743,1.249063203
20141202,1.5651,1.239003841
20141203,1.57,1.230466347
20141204,1.5707,1.243162606
20141205,1.56,1.230466347
20141208,1.5625,1.2292563
20141209,1.5694,1.241464929
20141210,1.5689,1.242544732
20141211,1.5712,1.239771882
20141212,1.5728,1.248439451
20141215,1.5663,1.247038284
20141216,1.5736,1.250468926
20141217,1.5652,1.240540876
20141218,1.5662,1.229105211
20141219,1.5609,1.223540927
20141222,1.5618,1.225189904
20141223,1.5517,1.218026797
20141224,1.5549,1.218769043
20141229,1.5524,1.217878456
20141230,1.5573,1.21743365
20141231,1.5578,1.210067764
20150102,1.5361,1.201489847
20150105,1.5234,1.191753069
20150106,1.5174,1.193602292
20150107,1.5073,1.182033097
20150108,1.5118,1.181055864
20150109,1.5151,1.183011948
20150112,1.5168,1.183151917
20150113,1.5166,1.177856302
20150114,1.5234,1.180637544
20150115,1.5161,1.159823707
20150116,1.5132,1.151675688
20150120,1.5162,1.15593573
20150121,1.5118,1.158345882
20150122,1.5052,1.141422212
20150123,1.5022,1.127904354
20150126,1.5088,1.129050469
20150127,1.5196,1.137009665
20150128,1.5165,1.134172621
20150129,1.5043,1.130837951
20150130,1.5026,1.129050469
20150202,1.5027,1.133658315
20150203,1.5129,1.146263182
20150204,1.5209,1.141813199
20150205,1.5293,1.143249114
20150206,1.5247,1.133016089
20150209,1.5217,1.131605749
20150210,1.5252,1.131605749
20150211,1.5232,1.129943503
20150212,1.538,1.141031492
20150213,1.5394,1.140771161
20150217,1.5349,1.139471285
20150218,1.543,1.134172621
20150219,1.5451,1.139211666
20150220,1.5385,1.137138958
20150223,1.5465,1.134558657
20150224,1.5434,1.130710086
20150225,1.5499,1.136363636
20150226,1.5424,1.121201928
20150227,1.5439,1.119695443
20150302,1.5371,1.118943717
20150303,1.5391,1.121201928
20150304,1.5266,1.107051921
20150305,1.5229,1.100594321
20150306,1.5063,1.085540599
20150309,1.5097,1.084598698
20150310,1.5086,1.070663812
20150311,1.4945,1.05764146
20150312,1.4907,1.061458444
20150313,1.4755,1.052410019
20150316,1.48,1.057529611
20150317,1.4744,1.060445387
20150318,1.4686,1.064282673
20150319,1.4729,1.062134891
20150320,1.4923,1.079214332
20150323,1.4936,1.092776746
20150324,1.487,1.090750436
20150325,1.4915,1.098659635
20150326,1.4844,1.091941472
20150327,1.4878,1.089087345
20150330,1.4792,1.081782778
20150331,1.485,1.074113856
20150401,1.4823,1.076773985
20150402,1.4842,1.087429317
20150403,1.4916,1.099021871
20150406,1.4959,1.100836636
20150407,1.4857,1.08495172
20150408,1.4924,1.081782778
20150409,1.4739,1.067121972
20150410,1.4648,1.059771089
20150413,1.4658,1.058201058
20150414,1.479,1.067235859
20150415,1.4782,1.059546514
20150416,1.4923,1.074229241
20150417,1.4942,1.078050884
20150420,1.4913,1.076310408
20150421,1.4944,1.07584723
20150422,1.5027,1.072846261
20150423,1.5047,1.080263584
20150424,1.5176,1.08754758
20150427,1.5235,1.089205969
20150428,1.5328,1.097935881
20150429,1.5485,1.11744329
20150430,1.5328,1.116196004
20150501,1.5137,1.119444755
20150504,1.5118,1.114454475
20150505,1.5178,1.11744329
20150506,1.5244,1.134558657
20150507,1.5223,1.128286133
20150508,1.5455,1.124100719
20150511,1.5593,1.114206128
20150512,1.5685,1.123974373
20150513,1.5748,1.137138958
20150514,1.5766,1.136751165
20150515,1.5772,1.142857143
20150518,1.5679,1.135460429
20150519,1.5523,1.115075825
20150520,1.5544,1.107910481
20150521,1.5672,1.112594571
20150522,1.5484,1.103265666
20150526,1.5398,1.08754758
20150527,1.5324,1.088850174
20150528,1.5291,1.091345629
20150529,1.5286,1.099384345
20150601,1.5187,1.091345629
20150602,1.5331,1.112966055
20150603,1.5351,1.128540797
20150604,1.5367,1.127141569
20150605,1.5267,1.110740864
20150608,1.528,1.123216893
20150609,1.5383,1.128413451
20150610,1.553,1.130710086
20150611,1.5493,1.123595506
20150612,1.5587,1.127777151
20150615,1.5572,1.126633619
20150616,1.5637,1.123848056
20150617,1.5708,1.124353497
20150618,1.5882,1.140380887
20150619,1.5881,1.133529812
20150622,1.5823,1.137785869
20150623,1.5751,1.118943717
20150624,1.5681,1.117818019
20150625,1.5728,1.119570085
20150626,1.5739,1.115573405
20150629,1.5764,1.117942985
20150630,1.5727,1.115448968
20150701,1.5617,1.108401685
20150702,1.5614,1.109016303
20150706,1.5619,1.107542363
20150707,1.5443,1.095170299
20150708,1.5353,1.107174491
20150709,1.5375,1.102535832
20150710,1.5503,1.1149515
20150713,1.5518,1.102049813
20150714,1.5584,1.10144289
20150715,1.5621,1.096491228
20150716,1.5601,1.089799477
20150717,1.5624,1.08483402
20150720,1.5587,1.08495172
20150721,1.555,1.092657343
20150722,1.5617,1.088376143
20150723,1.5533,1.097574361
20150724,1.5514,1.097574361
20150727,1.5595,1.111234582
20150728,1.5617,1.105460977
20150729,1.5624,1.102657404
20150730,1.5581,1.091345629
20150731,1.5634,1.102779003
20150803,1.5603,1.096250822
20150804,1.5612,1.095290252
20150805,1.5604,1.086838387
20150806,1.5521,1.092179991
20150807,1.5467,1.095770327
20150810,1.5546,1.099384345
20150811,1.5572,1.104240283
20150812,1.5639,1.119820829
20150813,1.5595,1.114454475
20150814,1.5625,1.110987668
20150817,1.5598,1.107787748
20150818,1.5658,1.102779003
20150819,1.5645,1.106072337
20150820,1.5688,1.119946243
20150821,1.5698,1.135589371
20150824,1.5731,1.157943492
20150825,1.5698,1.141031492
20150826,1.5493,1.138952164
20150827,1.5411,1.123848056
20150828,1.5362,1.11719361
20150831,1.5363,1.119444755
20150901,1.5341,1.126252956
20150902,1.531,1.124227094
20150903,1.5254,1.110370864
20150904,1.5195,1.111728738
20150908,1.5381,1.118193
20150909,1.5363,1.116445238
20150910,1.5457,1.126252956
20150911,1.5426,1.133786848
20150914,1.5423,1.130710086
20150915,1.5352,1.125999324
20150916,1.5499,1.130454443
20150917,1.5509,1.131221719
20150918,1.5573,1.135847342
20150921,1.5506,1.120448179
20150922,1.5356,1.113337787
20150923,1.5243,1.115946881
20150924,1.5254,1.125239113
20150925,1.5172,1.11919418
20150928,1.5208,1.123595506
20150929,1.5168,1.124606388
20150930,1.5116,1.116196004
20151001,1.5162,1.119946243
20151002,1.5216,1.127649977
20151005,1.5165,1.119946243
20151006,1.5227,1.126633619
20151007,1.5315,1.124859393
20151008,1.5316,1.128158845
20151009,1.5315,1.136363636
20151013,1.5242,1.138174368
20151014,1.5445,1.143641354
20151015,1.5475,1.141813199
20151016,1.5441,1.135976372
20151019,1.5471,1.131990038
20151020,1.547,1.135847342
20151021,1.5463,1.134558657
20151022,1.5399,1.113957892
20151023,1.534,1.101564221
20151026,1.5361,1.105094486
20151027,1.5312,1.105216622
20151028,1.5319,1.106561912
20151029,1.5296,1.096250822
20151030,1.5445,1.104240283
20151102,1.5428,1.102657404
20151103,1.5404,1.094570928
20151104,1.5377,1.086130118
20151105,1.5236,1.086956522
20151106,1.5071,1.074575543
20151109,1.5124,1.076658053
20151110,1.511,1.068604403
20151112,1.5206,1.076773985
20151113,1.5208,1.072156106
20151116,1.5204,1.070778456
20151117,1.5214,1.063377286
20151118,1.521,1.063829787
20151119,1.5327,1.074575543
20151120,1.5199,1.065984437
20151123,1.5125,1.060220526
20151124,1.5057,1.065189604
20151125,1.5109,1.061571125
20151127,1.504,1.059546514
20151130,1.5044,1.056189269
20151201,1.5074,1.06202209
20151202,1.4927,1.057305984
20151203,1.5088,1.090155892
20151204,1.51,1.088376143
20151207,1.5076,1.08401084
20151208,1.5,1.08754758
20151209,1.5168,1.098418278
20151210,1.5176,1.094810598
20151211,1.5213,1.100231049
20151214,1.513,1.102535832
20151215,1.5044,1.091107474
20151216,1.5013,1.09373291
20151217,1.4876,1.080380294
20151218,1.4914,1.084716347
20151221,1.4906,1.091941472
20151222,1.4811,1.097815347
20151223,1.4863,1.08754758
20151224,1.4943,1.095530237
20151228,1.4883,1.098297639
20151229,1.4794,1.091583888
20151230,1.4832,1.091226539
20151231,1.4746,1.085894234
20160104,1.4686,1.080263584
20160105,1.4664,1.07434465
20160106,1.4626,1.076194576
20160107,1.4579,1.086012163
20160108,1.4523,1.088494612
20160111,1.4564,1.087784184
20160112,1.4403,1.083658431
20160113,1.447,1.086248099
20160114,1.4409,1.086248099
20160115,1.4289,1.096371012
20160119,1.4171,1.090631476
20160120,1.4167,1.090750436
20160121,1.4198,1.083306251
20160122,1.4308,1.081431816
20160125,1.4245,1.083188908
20160126,1.4342,1.084598698
20160127,1.4261,1.086720278
20160128,1.4351,1.095170299
20160129,1.4184,1.083188908
20160201,1.4367,1.088850174
20160202,1.4399,1.090750436
20160203,1.4576,1.105094486
20160204,1.458,1.119946243
20160205,1.4468,1.113089938
20160208,1.4415,1.116944041
20160209,1.4473,1.129943503
20160210,1.4473,1.122208506
20160211,1.4448,1.136234519
20160212,1.446,1.123469273
20160216,1.429,1.113957892
20160217,1.4317,1.113957892
20160218,1.4333,1.109139308
20160219,1.4343,1.112718371
20160222,1.4157,1.101806963
20160223,1.404,1.101564221
20160224,1.3932,1.102049813
20160225,1.3937,1.102657404
20160226,1.3867,1.093254619
20160229,1.3926,1.086838387
20160301,1.3948,1.084716347
20160302,1.4059,1.084481076
20160303,1.4152,1.094810598
20160304,1.4226,1.100957833
20160307,1.4256,1.100352113
20160308,1.4225,1.102779003
20160309,1.4236,1.102171277
20160310,1.4306,1.116196004
20160311,1.4426,1.117942985
20160314,1.4324,1.110740864
20160315,1.4166,1.111234582
20160316,1.41,1.107542363
20160317,1.449,1.131605749
20160318,1.4514,1.129177958
20160321,1.4402,1.125999324
20160322,1.4217,1.122838536
20160323,1.4111,1.11744329
20160324,1.4143,1.116320607
20160325,1.4131,1.116445238
20160328,1.425,1.120950566
20160329,1.4281,1.120448179
20160330,1.439,1.133016089
20160331,1.4381,1.138952164
20160401,1.4204,1.138563133
20160404,1.4279,1.138563133
20160405,1.4149,1.137397634
20160406,1.4162,1.14298777
20160407,1.4082,1.138563133
20160408,1.4105,1.14064104
20160411,1.424,1.141161703
20160412,1.4244,1.139471285
20160413,1.4223,1.128158845
20160414,1.4148,1.126252956
20160415,1.4217,1.129560601
20160418,1.4276,1.132246377
20160419,1.4396,1.137527016
20160420,1.4375,1.133016089
20160421,1.4338,1.130071194
20160422,1.439,1.123848056
20160425,1.4492,1.127395716
20160426,1.4611,1.131861913
20160427,1.4554,1.132246377
20160428,1.4581,1.132502831
20160429,1.4625,1.14416476
20160502,1.4666,1.151543068
20160503,1.4543,1.150747986
20160504,1.4475,1.148633127
20160505,1.4486,1.140380887
20160506,1.4439,1.142074006
20160509,1.4409,1.140250855
20160510,1.4454,1.138563133
20160511,1.448,1.144426642
20160512,1.4452,1.138044839
20160513,1.4369,1.129433025
20160516,1.4411,1.132759402
20160517,1.4485,1.133658315
20160518,1.4615,1.127649977
20160519,1.4608,1.121453404
20160520,1.4513,1.120699316
20160523,1.4444,1.11919418
20160524,1.4623,1.114454475
20160525,1.4694,1.115448968
20160526,1.4673,1.118443127
20160527,1.4644,1.113957892
20160531,1.453,1.113461753
20160601,1.4395,1.116445238
20160602,1.4419,1.115697869
20160603,1.4521,1.133016089
20160606,1.445,1.135460429
20160607,1.4564,1.134944955
20160608,1.4546,1.13999088
20160609,1.4467,1.132887731
20160610,1.4342,1.128158845
20160613,1.4223,1.128158845
20160614,1.413,1.120573734
20160615,1.4185,1.123848056
20160616,1.4075,1.115822361
20160617,1.4285,1.12561909
20160620,1.4688,1.131861913
20160621,1.4668,1.126252956
20160622,1.4682,1.128540797
20160623,1.48,1.137268282
20160624,1.3639,1.112594571
20160627,1.3217,1.102414287
20160628,1.3294,1.105460977
20160629,1.351,1.111728738
20160630,1.3242,1.10314396
20160701,1.3281,1.114454475
20160705,1.3021,1.108033241
20160706,1.2921,1.107665042
20160707,1.2926,1.106439478
20160708,1.2938,1.103752759
20160711,1.2986,1.104484206
20160712,1.3237,1.107419712
20160713,1.318,1.111234582
20160714,1.3332,1.110864252
20160715,1.3194,1.105950011
20160718,1.3279,1.107542363
20160719,1.3123,1.10144289
20160720,1.3179,1.100715465
20160721,1.3216,1.101564221
20160722,1.3091,1.096852035
20160725,1.313,1.09805644
20160726,1.3133,1.098418278
20160727,1.3094,1.098780354
20160728,1.3151,1.1093854
20160729,1.327,1.116819299
20160801,1.3209,1.117568172
20160802,1.3326,1.122460433
20160803,1.3335,1.116944041
20160804,1.3143,1.113461753
20160805,1.3069,1.108033241
20160808,1.3042,1.107787748
20160809,1.301,1.110987668
20160810,1.2998,1.117068811
20160811,1.296,1.116819299
20160812,1.2934,1.11719361
20160815,1.2874,1.119946243
20160816,1.3019,1.127649977
20160817,1.3012,1.126252956
20160818,1.3147,1.133401337
20160819,1.3061,1.132631102
20160822,1.3133,1.1313497
20160823,1.3179,1.130837951
20160824,1.3236,1.12561909
20160825,1.3177,1.127395716
20160826,1.3168,1.123721766
20160829,1.3089,1.118193
20160830,1.3084,1.1149515
20160831,1.3129,1.114578689
20160901,1.3273,1.119444755
20160902,1.3299,1.115822361
20160906,1.3429,1.123721766
20160907,1.3339,1.123848056
20160908,1.3301,1.12561909
20160909,1.3257,1.121453404
20160912,1.3313,1.122964627
20160913,1.3184,1.124227094
20160914,1.3204,1.127141569
20160915,1.3215,1.124606388
20160916,1.309,1.115946881
20160919,1.3051,1.117942985
20160920,1.2974,1.11719361
20160921,1.2978,1.116445238
20160922,1.3092,1.122838536
20160923,1.2959,1.122334456
20160926,1.2978,1.127014538
20160927,1.3005,1.120824927
20160928,1.2996,1.119946243
20160929,1.2991,1.124353497
20160930,1.3015,1.123848056
20161003,1.284,1.120950566
20161004,1.2746,1.121201928
20161005,1.2745,1.119570085
20161006,1.2647,1.115822361
20161007,1.2434,1.115573405
20161011,1.2218,1.10619469
20161012,1.2195,1.10144289
20161013,1.2201,1.103752759
20161014,1.2189,1.098538943
20161017,1.2186,1.099989
20161018,1.231,1.099747058
20161019,1.2279,1.096611471
20161020,1.2256,1.093374153
20161021,1.221,1.086602195
20161024,1.2204,1.088850174
20161025,1.2164,1.088968747
20161026,1.2234,1.091583888
20161027,1.2173,1.090393632
20161028,1.2155,1.093374153
20161031,1.2212,1.096250822
20161101,1.2218,1.104240283
20161102,1.2315,1.111852346
20161103,1.2454,1.1093854
20161104,1.2546,1.112099644
20161107,1.2403,1.103752759
20161108,1.2372,1.103387399
20161109,1.2474,1.095170299
20161110,1.2523,1.088257699
20161114,1.2469,1.07227107
20161115,1.2422,1.072616111
20161116,1.245,1.069861988
20161117,1.245,1.065643649
20161118,1.2327,1.05999576
20161121,1.2474,1.05965879
20161122,1.2424,1.06179656
20161123,1.2458,1.055966209
20161125,1.2462,1.059546514
20161128,1.2411,1.05764146
20161129,1.2505,1.062586335
20161130,1.2481,1.057753332
20161201,1.2596,1.063377286
20161202,1.2685,1.066552901
20161205,1.2708,1.07227107
20161206,1.2706,1.071696496
20161207,1.2604,1.07584723
20161208,1.2574,1.062473438
20161209,1.259,1.054073996
20161212,1.2677,1.060557853
20161213,1.2685,1.063490375
20161214,1.2706,1.065643649
20161215,1.2389,1.037452018
20161216,1.2478,1.04558762
20161219,1.2419,1.044386423
20161220,1.2358,1.038961039
20161221,1.2348,1.042535446
20161222,1.2301,1.045150502
20161223,1.2252,1.044932079
20161227,1.2261,1.045806317
20161228,1.2222,1.038853106
20161229,1.2237,1.048547761
20161230,1.2337,1.05518624
20170103,1.2256,1.041558171
20170104,1.2299,1.047559187
20170105,1.2415,1.059771089
20170106,1.2314,1.055966209
20170109,1.2167,1.05764146
20170110,1.2165,1.057194207
20170111,1.2118,1.050089258
20170112,1.2211,1.066552901
20170113,1.2198,1.062473438
20170117,1.2388,1.069518717
20170118,1.2309,1.068147832
20170119,1.2319,1.063038163
20170123,1.2485,1.073998496
20170124,1.2531,1.074922068
20170125,1.262,1.07434465
20170126,1.2579,1.067008109
20170127,1.2531,1.068947087
20170130,1.2478,1.068147832
20170131,1.2585,1.079447323
20170201,1.2643,1.07584723
20170202,1.2541,1.0801469
20170203,1.2504,1.079214332
20170206,1.245,1.07307651
20170207,1.2486,1.068947087
20170208,1.2543,1.070778456
20170209,1.2516,1.065757221
20170210,1.2502,1.064962726
20170213,1.251,1.060332945
20170214,1.2465,1.057753332
20170215,1.2465,1.05965879
20170216,1.2477,1.065984437
20170217,1.2428,1.061345786
20170221,1.2465,1.05507491
20170222,1.2456,1.055520372
20170223,1.2548,1.058649164
20170224,1.2499,1.057977148
20170227,1.2473,1.062360565
20170228,1.2427,1.06179656
20170301,1.2318,1.056412423
20170302,1.2267,1.051414152
20170303,1.2249,1.05518624
20170306,1.2243,1.058649164
20170307,1.2209,1.058201058
20170308,1.2152,1.054741061
20170309,1.2166,1.058649164
20170310,1.2158,1.066666667
20170313,1.2234,1.067008109
20170314,1.2168,1.064509261
20170315,1.2222,1.063038163
20170316,1.237,1.073767851
20170317,1.2372,1.074229241
20170320,1.2365,1.07538445
20170321,1.2479,1.08096422
20170322,1.2476,1.080030241
20170323,1.2526,1.078748652
20170324,1.2491,1.080613789
20170327,1.2583,1.088257699
20170328,1.2503,1.085187195
20170329,1.2411,1.07561579
20170330,1.2489,1.072616111
20170331,1.2537,1.06974754
20170403,1.2479,1.065530101
20170404,1.2437,1.06643916
20170405,1.2488,1.066098081
20170406,1.2486,1.065076153
20170407,1.2398,1.061571125
20170410,1.2418,1.060557853
20170411,1.2484,1.061345786
20170412,1.25,1.061120543
20170413,1.2522,1.063038163
20170414,1.2531,1.062473438
20170417,1.2587,1.065984437
20170418,1.2769,1.070549192
20170419,1.2789,1.070663812
20170420,1.283,1.07584723
20170421,1.2783,1.069404342
20170424,1.2783,1.084598698
20170425,1.2836,1.094091904
20170426,1.2838,1.087192868
20170427,1.2889,1.086366105
20170428,1.2938,1.089443294
20170501,1.2917,1.091226539
20170502,1.2921,1.090988436
20170503,1.2916,1.091941472
20170504,1.291,1.096731739
20170505,1.295,1.099626127
20170508,1.2942,1.092776746
20170509,1.2939,1.08754758
20170510,1.2939,1.08731108
20170511,1.2885,1.086956522
20170512,1.288,1.092657343
20170515,1.2917,1.097935881
20170516,1.2912,1.107174491
20170517,1.2944,1.113461753
20170518,1.3009,1.112966055
20170519,1.3018,1.118943717
20170522,1.3006,1.123595506
20170523,1.2984,1.119820829
20170524,1.2935,1.11744329
20170525,1.2954,1.121830828
20170526,1.2795,1.116944041
20170530,1.2858,1.11831805
20170531,1.2905,1.123595506
20170601,1.2894,1.121453404
20170602,1.2885,1.127014538
20170605,1.2917,1.124985938
20170606,1.2901,1.126633619
20170607,1.2941,1.123595506
20170608,1.2939,1.121704992
20170609,1.2737,1.118943717
20170612,1.2658,1.120448179
20170613,1.2739,1.119444755
20170614,1.2808,1.127649977
20170615,1.2768,1.115200178
20170616,1.2778,1.119444755
20170619,1.2743,1.115946881
20170620,1.2628,1.112347052
20170621,1.2667,1.114330287
20170622,1.2659,1.114827202
20170623,1.2727,1.119570085
20170626,1.2732,1.119570085
20170627,1.2791,1.129943503
20170628,1.2936,1.136363636
20170629,1.2984,1.141943588
20170630,1.2995,1.141161703
20170703,1.2951,1.136751165
20170705,1.2934,1.133658315
20170706,1.2967,1.140901312
20170707,1.288,1.13960114
20170710,1.2884,1.13960114
20170711,1.2851,1.14298777
20170712,1.2889,1.141161703
20170713,1.2921,1.138563133
20170714,1.3079,1.14521301
20170717,1.3058,1.147052076
20170718,1.3026,1.157809425
20170719,1.3036,1.151808339
20170720,1.2976,1.163467132
20170721,1.2968,1.165501166
20170724,1.3028,1.164144354
20170725,1.3046,1.165637021
20170726,1.3048,1.163196464
20170727,1.3065,1.165637021
20170728,1.3124,1.175364363
20170731,1.3196,1.182592242
20170801,1.3206,1.179941003
20170802,1.3236,1.186098921
20170803,1.3144,1.187930625
20170804,1.3036,1.175364363
20170807,1.3021,1.178828245
20170808,1.2968,1.172332943
20170809,1.2997,1.17481203
20170810,1.2978,1.175088132
20170811,1.2988,1.181055864
20170814,1.2975,1.178550383
20170815,1.2862,1.173571177
20170816,1.286,1.170275015
20170817,1.2888,1.173571177
20170818,1.2847,1.17481203
20170821,1.2903,1.181334908
20170822,1.2834,1.176193837
20170823,1.2787,1.180219521
20170824,1.2802,1.180080245
20170825,1.2873,1.187366421
20170828,1.2927,1.197318008
20170829,1.2937,1.202501203
20170830,1.2934,1.192748092
20170831,1.2888,1.189343482
20170901,1.2972,1.187789524
20170905,1.3013,1.191043354
20170906,1.3073,1.19431506
20170907,1.3094,1.202790474
20170908,1.3211,1.204093919
20170911,1.3173,1.196458483
20170912,1.328,1.196744854
20170913,1.3218,1.189767995
20170914,1.3398,1.188636634
20170915,1.3578,1.195886152
20170918,1.3485,1.193744777
20170919,1.3517,1.198035222
20170920,1.3564,1.199760048
20170921,1.3576,1.194600406
20170922,1.3531,1.196888091
20170925,1.3457,1.185255423
20170926,1.3422,1.177163037
20170927,1.3401,1.174674028
20170928,1.3435,1.177578898
20170929,1.3402,1.181334908
20171002,1.3268,1.174536058
20171003,1.3251,1.175917215
20171004,1.3268,1.17605551
20171005,1.3132,1.170548987
20171006,1.3063,1.173158142
20171010,1.3215,1.180358829
20171011,1.321,1.184693757
20171012,1.3174,1.183992422
20171013,1.3304,1.183712121
20171016,1.3285,1.181055864
20171017,1.3182,1.175364363
20171018,1.3183,1.177440245
20171019,1.3181,1.184132623
20171020,1.3179,1.177024482
20171023,1.3201,1.176193837
20171024,1.3124,1.176609013
20171025,1.3252,1.180219521
20171026,1.3181,1.17000117
20171027,1.3108,1.157943492
20171030,1.3195,1.162655505
20171031,1.3281,1.164822365
20171101,1.3257,1.16184501
20171102,1.3068,1.16713352
20171103,1.3067,1.161575096
20171106,1.3145,1.159958242
20171107,1.3152,1.157675388
20171108,1.3108,1.159151501
20171109,1.3133,1.164822365
20171113,1.3101,1.165637021
20171114,1.3128,1.176332196
20171115,1.3165,1.179384361
20171116,1.3197,1.177163037
20171117,1.3222,1.179941003
20171120,1.3241,1.174122344
20171121,1.3232,1.174122344
20171122,1.3291,1.178967225
20171124,1.3336,1.193602292
20171127,1.3333,1.191043354
20171128,1.3231,1.187789524
20171129,1.3436,1.185817621
20171130,1.3506,1.189767995
20171201,1.3505,1.191043354
20171204,1.3465,1.184834123
20171205,1.345,1.182033097
20171206,1.3382,1.178828245
20171207,1.3432,1.178967225
20171208,1.3367,1.17605551
20171211,1.3363,1.180219521
20171212,1.3323,1.172470395
20171213,1.3365,1.176193837
20171214,1.344,1.177856302
20171215,1.3316,1.177856302
20171218,1.3398,1.180358829
20171219,1.3356,1.182172834
20171220,1.3408,1.18807176
20171221,1.3372,1.187225454
20171222,1.3379,1.183852255
20171226,1.3369,1.18666192
20171227,1.3403,1.190192811
20171228,1.345,1.195171507
20171229,1.3529,1.20221207
20180102,1.3596,1.204964454
20180103,1.3522,1.202935162
20180104,1.3539,1.206418145
20180105,1.3562,1.203948953
20180108,1.3566,1.197318008
20180109,1.3518,1.192179304
20180110,1.3513,1.195743154
20180111,1.3543,1.203514262
20180112,1.3689,1.213003396
20180116,1.3774,1.224439819
20180117,1.3824,1.222942399
20180118,1.3889,1.223840411
20180119,1.3857,1.223840411
20180122,1.3944,1.222942399
20180123,1.3968,1.227747084
20180124,1.4198,1.239003841
20180125,1.4264,1.248751249
20180126,1.4179,1.242236025
20180129,1.4042,1.235177866
20180130,1.4124,1.239003841
20180131,1.419,1.242853592
20180201,1.4247,1.248127808
20180202,1.4126,1.244555072
20180205,1.4022,1.241773252
20180206,1.3951,1.238083447
20180207,1.3881,1.228048631
20180208,1.3915,1.223840411
20180209,1.3794,1.222643355
20180212,1.382,1.226692836
20180213,1.3892,1.236246755
20180214,1.3955,1.239618198
20180215,1.4061,1.248127808
20180216,1.4055,1.244245365
20180220,1.4021,1.234872808
20180221,1.3946,1.231375446
20180222,1.3939,1.232589671
20180223,1.3979,1.229861026
20180226,1.3952,1.229558588
20180227,1.3906,1.223840411
20180228,1.3794,1.221150324
20180301,1.3755,1.22159785
20180302,1.3769,1.231375446
20180305,1.3856,1.233045623
20180306,1.3886,1.241464929
20180307,1.3888,1.239771882
20180308,1.3824,1.231375446
20180309,1.3863,1.232589671
20180312,1.3898,1.2318305
20180313,1.3987,1.239771882
20180314,1.3946,1.236246755
20180315,1.3951,1.232134056
20180316,1.3919,1.228048631
20180319,1.4032,1.232893601
20180320,1.4013,1.227144435
20180321,1.4064,1.226843332
20180322,1.4098,1.231072264
20180323,1.4151,1.235941169
20180326,1.4236,1.243935813
20180327,1.4161,1.24100273
20180328,1.411,1.235025318
20180329,1.4029,1.229709788
20180330,1.4027,1.231982259
20180402,1.4032,1.228803146
20180403,1.4068,1.226091221
20180404,1.4076,1.2292563
20180405,1.3991,1.222942399
20180406,1.4088,1.227445686
20180409,1.4136,1.231982259
20180410,1.4161,1.233806292
20180411,1.4194,1.238390093
20180412,1.4244,1.231982259
20180413,1.4255,1.232134056
20180416,1.4332,1.237317496
20180417,1.4301,1.234567901
20180418,1.4227,1.237930181
20180419,1.4193,1.233654083
20180420,1.4033,1.22819946
20180423,1.3953,1.22159785
20180424,1.3975,1.222643355
20180425,1.3941,1.217730151
20180426,1.3927,1.21124031
20180427,1.3785,1.210800339
20180430,1.3751,1.207437817
20180501,1.3611,1.200048002
20180502,1.361,1.196744854
20180503,1.3569,1.197031362
20180504,1.3535,1.194600406
20180507,1.3567,1.192748092
20180508,1.3521,1.18623962
20180509,1.3567,1.185255423
20180510,1.3487,1.189626457
20180511,1.3549,1.195028681
20180514,1.3595,1.19760479
20180515,1.3512,1.186380354
20180516,1.3478,1.178828245
20180517,1.3507,1.179801793
20180518,1.3476,1.177440245
20180521,1.3418,1.17674747
20180522,1.3445,1.178272652
20180523,1.3341,1.169317119
20180524,1.3384,1.172882946
20180525,1.3321,1.166588894
20180529,1.3258,1.155134573
20180530,1.3296,1.166452817
20180531,1.3289,1.166997316
20180601,1.3358,1.167951413
20180604,1.3314,1.169590643
20180605,1.336,1.16713352
20180606,1.3429,1.177856302
20180607,1.3427,1.18147448
20180608,1.3406,1.177301625
20180611,1.3386,1.180219521
20180612,1.3416,1.179245283
20180613,1.3378,1.178411501
20180614,1.3333,1.163467132
20180615,1.3283,1.161575096
20180618,1.3247,1.160631383
20180619,1.3172,1.157675388
20180620,1.3213,1.159151501
20180621,1.3251,1.159958242
20180622,1.3258,1.163061177
20180625,1.3273,1.169453865
20180626,1.3243,1.167542323
20180627,1.3139,1.158748552
20180628,1.3095,1.158211721
20180629,1.3197,1.167678655
20180702,1.3133,1.160362033
20180703,1.3174,1.165365342
20180705,1.3228,1.169727454
20180706,1.3262,1.173846696
20180709,1.3202,1.174398121
20180710,1.3266,1.172745397
20180711,1.3241,1.172195522
20180712,1.3238,1.169180405
20180713,1.3216,1.166725003
20180716,1.3236,1.170960187
20180717,1.3161,1.166452817
20180718,1.305,1.164551066
20180719,1.2987,1.160362033
20180720,1.3114,1.170823089
20180723,1.3105,1.170138076
20180724,1.3135,1.16836079
20180725,1.315,1.167678655
20180726,1.3119,1.165365342
20180727,1.3118,1.166044776
20180730,1.314,1.171783454
20180731,1.3125,1.170548987
20180801,1.312,1.166588894
20180802,1.3035,1.16117046
20180803,1.3021,1.159689203
20180806,1.2947,1.156336725
20180807,1.2957,1.159689203
20180808,1.288,1.159823707
20180809,1.287,1.15660421
20180810,1.2769,1.139860937
20180813,1.2757,1.13960114
20180814,1.2738,1.13507378
20180815,1.2685,1.133144476
20180816,1.2722,1.138822458
20180817,1.2735,1.141031492
20180820,1.2765,1.143772161
20180821,1.286,1.153402537
20180822,1.291,1.159554731
20180823,1.283,1.156737999
20180824,1.2858,1.162520344
20180827,1.2891,1.167542323
20180828,1.2886,1.172058134
20180829,1.3006,1.169864296
20180830,1.2997,1.164551066
20180831,1.2964,1.159554731
20180904,1.2833,1.15660421
20180905,1.2903,1.161980014
20180906,1.2933,1.162385214
20180907,1.2934,1.157139551
20180910,1.3026,1.160362033
20180911,1.3015,1.159151501
20180912,1.3029,1.162655505
20180913,1.3104,1.16713352
20180914,1.3084,1.165637021
20180917,1.3146,1.168633867
20180918,1.3158,1.169317119
20180919,1.3162,1.168497312
20180920,1.3237,1.174398121
20180921,1.3067,1.173846696
20180924,1.3128,1.177301625
20180925,1.3162,1.177024482
20180926,1.3182,1.175778954
20180927,1.3104,1.166997316
20180928,1.3053,1.162250116
20181001,1.3032,1.156737999
20181002,1.2984,1.15593573
20181003,1.2993,1.152472053
20181004,1.3014,1.150747986
20181005,1.3101,1.150218542
20181009,1.3139,1.148237456
20181010,1.3206,1.15406809
20181011,1.3193,1.156470452
20181012,1.3154,1.15593573
20181015,1.3168,1.15942029
20181016,1.321,1.15928588
20181017,1.3137,1.153934918
20181018,1.3061,1.149425287
20181019,1.3045,1.151277918
20181022,1.2974,1.146657493
20181023,1.2982,1.147973826
20181024,1.2898,1.138952164
20181025,1.2827,1.137397634
20181026,1.2826,1.138822458
20181029,1.2807,1.138952164
20181030,1.2731,1.136363636
20181031,1.2779,1.133144476
20181101,1.2974,1.13960114
20181102,1.2965,1.137785869